phone_number,source_channel,budget_range,conversion_probability,segment
6657389943,referral,>1.5Cr,0.9146,hot
9408999946,email_campaign,>1.5Cr,0.9973,hot
9431031983,social_media,90L-1.5Cr,0.0033,cold
8366230734,paid_search,>1.5Cr,0.0133,cold
9661447739,paid_search,60L-90L,0.0467,cold
6877087278,paid_search,60L-90L,0.9362,hot
9349090764,organic_search,90L-1.5Cr,0.0036,cold
7067798217,email_campaign,<30L,0.0613,cold
6172560416,social_media,<30L,0.0188,cold
6013284733,social_media,60L-90L,0.0004,cold
8893714705,organic_search,>1.5Cr,0.0002,cold
8600961898,email_campaign,>1.5Cr,0.0088,cold
6669193756,social_media,60L-90L,0.9881,hot
8318721098,paid_search,30L-60L,0.0034,cold
7889886718,direct,90L-1.5Cr,0.0017,cold
7282664502,organic_search,30L-60L,0.9812,hot
8337378734,referral,60L-90L,0.0519,cold
9126829773,paid_search,90L-1.5Cr,0.002,cold
9948814669,social_media,30L-60L,0.0019,cold
9822361713,referral,30L-60L,0.0229,cold
7543743708,social_media,30L-60L,0.9963,hot
7114012886,email_campaign,>1.5Cr,0.9735,hot
9187315617,referral,60L-90L,0.9968,hot
6742838260,organic_search,30L-60L,0.006,cold
7330630273,organic_search,90L-1.5Cr,0.0113,cold
9340392494,organic_search,<30L,0.9835,hot
6000135646,social_media,30L-60L,0.0002,cold
8064326131,social_media,90L-1.5Cr,0.0019,cold
8302347719,paid_search,60L-90L,0.1341,cold
6886303209,referral,<30L,0.0059,cold
6755602465,social_media,60L-90L,0.0064,cold
9241730378,organic_search,<30L,0.0203,cold
6124171323,social_media,60L-90L,0.075,cold
7241191579,social_media,60L-90L,0.0151,cold
9810359730,organic_search,90L-1.5Cr,0.0016,cold
6687976117,organic_search,30L-60L,0.1496,cold
6272771965,social_media,<30L,0.0121,cold
8223455980,paid_search,60L-90L,0.0394,cold
9584769063,direct,60L-90L,0.0131,cold
6084879658,referral,<30L,0.9412,hot
7948239714,referral,<30L,0.0209,cold
8093749613,organic_search,30L-60L,0.8835,hot
7986682296,direct,90L-1.5Cr,0.0031,cold
7368726018,social_media,30L-60L,0.0008,cold
7675572790,referral,60L-90L,0.0013,cold
7144903609,paid_search,60L-90L,0.0077,cold
7012565087,email_campaign,30L-60L,0.0012,cold
8736379112,organic_search,30L-60L,0.0334,cold
7317120821,email_campaign,<30L,0.0032,cold
9997206851,paid_search,90L-1.5Cr,0.997,hot
9955270375,organic_search,30L-60L,0.0459,cold
9365587412,email_campaign,30L-60L,0.0289,cold
6268347316,email_campaign,90L-1.5Cr,0.0083,cold
9188193050,social_media,>1.5Cr,0.0011,cold
9065710889,paid_search,90L-1.5Cr,0.0003,cold
6371059976,organic_search,90L-1.5Cr,0.0021,cold
7315611968,email_campaign,60L-90L,0.0004,cold
7121126909,referral,30L-60L,0.0076,cold
6034818036,social_media,30L-60L,0.0135,cold
8932394905,email_campaign,30L-60L,0.0019,cold
9681715706,organic_search,60L-90L,0.9425,hot
9370903948,organic_search,90L-1.5Cr,0.9796,hot
8516935686,organic_search,90L-1.5Cr,0.0152,cold
8107185076,organic_search,30L-60L,0.0344,cold
6742824158,organic_search,90L-1.5Cr,0.163,cold
8485227343,social_media,<30L,0.719,hot
8595413088,paid_search,90L-1.5Cr,0.013,cold
8585178453,referral,<30L,0.0379,cold
8798593934,referral,>1.5Cr,0.0003,cold
9448535669,paid_search,>1.5Cr,0.9442,hot
6149676824,organic_search,30L-60L,0.0441,cold
7514184530,organic_search,30L-60L,0.0109,cold
7065219276,direct,90L-1.5Cr,0.0036,cold
7157723933,paid_search,90L-1.5Cr,0.0458,cold
7334415629,referral,>1.5Cr,0.0059,cold
8774133639,referral,30L-60L,0.9933,hot
9000546480,email_campaign,30L-60L,0.0217,cold
6260929177,organic_search,<30L,0.0958,cold
7181116377,email_campaign,60L-90L,0.004,cold
6681879096,referral,60L-90L,0.0019,cold
8629879086,paid_search,<30L,0.062,cold
8061202365,organic_search,90L-1.5Cr,0.0204,cold
9274622593,direct,>1.5Cr,0.0798,cold
8039989176,paid_search,<30L,0.0242,cold
8659417413,organic_search,>1.5Cr,0.04,cold
9073787084,referral,30L-60L,0.0005,cold
6743467153,referral,30L-60L,0.2957,cold
8551805712,referral,60L-90L,0.0003,cold
9830033960,direct,>1.5Cr,0.9059,hot
8034463967,organic_search,30L-60L,0.0139,cold
7460988784,organic_search,60L-90L,0.0034,cold
9038442462,referral,60L-90L,0.1368,cold
9983704825,social_media,60L-90L,0.0075,cold
8608709011,email_campaign,90L-1.5Cr,0.9646,hot
6031291985,paid_search,60L-90L,0.0072,cold
7019582479,organic_search,60L-90L,0.003,cold
9248921590,social_media,90L-1.5Cr,0.0092,cold
9191140600,paid_search,90L-1.5Cr,0.9971,hot
6455162782,paid_search,30L-60L,0.4622,warm
8416466448,social_media,30L-60L,0.0052,cold
7638029110,social_media,30L-60L,0.0045,cold
7203500766,referral,60L-90L,0.9957,hot
8561079388,referral,90L-1.5Cr,0.0112,cold
6173913615,social_media,30L-60L,0.041,cold
6191145523,referral,<30L,0.0006,cold
9192585301,social_media,>1.5Cr,0.0128,cold
6237228859,social_media,>1.5Cr,0.9702,hot
8592930513,referral,30L-60L,0.0014,cold
7369415350,paid_search,90L-1.5Cr,0.0115,cold
9228424824,paid_search,90L-1.5Cr,0.0142,cold
9401923899,referral,>1.5Cr,0.0018,cold
7846966933,direct,90L-1.5Cr,0.1183,cold
7505729625,referral,90L-1.5Cr,0.9996,hot
6301992016,direct,>1.5Cr,0.0049,cold
7741647956,referral,60L-90L,0.0095,cold
7938231043,direct,>1.5Cr,0.0042,cold
6378758547,organic_search,60L-90L,0.2913,cold
6812369029,paid_search,90L-1.5Cr,0.0236,cold
6737987789,referral,90L-1.5Cr,0.0068,cold
9266867393,paid_search,90L-1.5Cr,0.857,hot
7222314768,organic_search,60L-90L,0.0257,cold
8679507127,referral,>1.5Cr,0.0031,cold
9375696691,organic_search,60L-90L,0.0077,cold
8185648945,paid_search,30L-60L,0.0018,cold
8382478638,social_media,60L-90L,0.0099,cold
9626041126,referral,<30L,0.0091,cold
6873211209,social_media,30L-60L,0.0121,cold
6205212448,social_media,60L-90L,0.089,cold
6104940821,paid_search,30L-60L,0.0307,cold
8061187934,referral,60L-90L,0.0084,cold
9851030704,direct,60L-90L,0.0315,cold
6646041054,email_campaign,30L-60L,0.0162,cold
7278107959,direct,60L-90L,0.0299,cold
6165946193,social_media,60L-90L,0.7995,hot
9851932249,paid_search,90L-1.5Cr,0.0041,cold
6554666258,organic_search,60L-90L,0.0019,cold
8139110123,organic_search,30L-60L,0.0203,cold
9237920199,social_media,90L-1.5Cr,0.1438,cold
6957611504,paid_search,60L-90L,0.0074,cold
8629190068,referral,<30L,0.0002,cold
8582172441,social_media,30L-60L,0.0014,cold
9122717607,organic_search,60L-90L,0.0012,cold
6905647508,paid_search,<30L,0.6917,warm
6926750628,paid_search,30L-60L,0.0717,cold
6588547025,organic_search,60L-90L,0.0113,cold
9872303842,direct,60L-90L,0.9102,hot
8129190475,paid_search,>1.5Cr,0.0462,cold
6863025037,social_media,30L-60L,0.1299,cold
6380205018,paid_search,60L-90L,0.002,cold
6588791990,organic_search,<30L,0.0084,cold
6678549443,direct,90L-1.5Cr,0.0046,cold
8334286000,referral,90L-1.5Cr,0.1956,cold
9030913373,organic_search,60L-90L,0.0125,cold
9452265197,direct,30L-60L,0.0169,cold
8816367167,direct,90L-1.5Cr,0.0876,cold
9555177531,organic_search,60L-90L,0.9931,hot
6047899143,referral,90L-1.5Cr,0.9883,hot
9222226435,paid_search,60L-90L,0.0004,cold
9664182891,organic_search,30L-60L,0.007,cold
9961393875,paid_search,>1.5Cr,0.0344,cold
7005729137,social_media,90L-1.5Cr,0.1585,cold
7684422822,paid_search,60L-90L,0.003,cold
7986206704,organic_search,30L-60L,0.1047,cold
9032175325,referral,30L-60L,0.3668,cold
6779315318,paid_search,90L-1.5Cr,0.9965,hot
9126136217,organic_search,30L-60L,0.002,cold
9692789849,email_campaign,<30L,0.0303,cold
7417339760,paid_search,60L-90L,0.0051,cold
9045372867,social_media,90L-1.5Cr,0.0007,cold
7220574096,referral,>1.5Cr,0.0642,cold
9987367649,organic_search,60L-90L,0.0019,cold
7423311719,organic_search,30L-60L,0.0187,cold
8068973260,referral,90L-1.5Cr,0.9946,hot
8362206361,referral,30L-60L,0.0259,cold
8781454546,organic_search,>1.5Cr,0.0194,cold
9933074824,social_media,30L-60L,0.0064,cold
6294573082,paid_search,60L-90L,0.0005,cold
6079227471,organic_search,60L-90L,0.0011,cold
6653259423,direct,90L-1.5Cr,0.0063,cold
6311983000,email_campaign,30L-60L,0.0075,cold
6319651587,paid_search,>1.5Cr,0.001,cold
9148367905,social_media,90L-1.5Cr,0.0026,cold
6856778916,social_media,60L-90L,0.0046,cold
8642942203,paid_search,90L-1.5Cr,0.0185,cold
6624226843,organic_search,>1.5Cr,0.0048,cold
8059916408,email_campaign,>1.5Cr,0.0105,cold
8520661482,organic_search,60L-90L,0.0026,cold
8400690134,organic_search,30L-60L,0.0046,cold
8550055378,referral,90L-1.5Cr,0.033,cold
8238453832,direct,60L-90L,0.0013,cold
6157210035,paid_search,60L-90L,0.2459,cold
8222368936,referral,90L-1.5Cr,0.006,cold
8807025762,referral,30L-60L,0.0046,cold
9519045132,social_media,30L-60L,0.081,cold
6645347491,organic_search,90L-1.5Cr,0.0009,cold
6151098406,referral,90L-1.5Cr,0.0033,cold
9370581499,paid_search,30L-60L,0.0005,cold
6840729915,direct,<30L,0.9281,hot
9610694749,social_media,30L-60L,0.0011,cold
6810577522,paid_search,90L-1.5Cr,0.0508,cold
9224414066,referral,60L-90L,0.0004,cold
6729911413,email_campaign,60L-90L,0.9983,hot
8245003576,direct,60L-90L,0.0009,cold
8209752750,social_media,<30L,0.0157,cold
9580334108,referral,>1.5Cr,0.0013,cold
8736145088,paid_search,>1.5Cr,0.0555,cold
7123498384,paid_search,60L-90L,0.003,cold
8162243962,social_media,60L-90L,0.2165,cold
7955347250,email_campaign,60L-90L,0.0163,cold
9595366028,direct,60L-90L,0.0011,cold
9662197877,social_media,30L-60L,0.0043,cold
8924757498,paid_search,30L-60L,0.0487,cold
6077170494,referral,30L-60L,0.3125,cold
7248276347,email_campaign,<30L,0.9527,hot
6737128931,social_media,30L-60L,0.9915,hot
7418170265,email_campaign,90L-1.5Cr,0.0035,cold
7794473291,email_campaign,<30L,0.0077,cold
6500799627,organic_search,30L-60L,0.0005,cold
7444797938,social_media,60L-90L,0.0576,cold
7492631791,email_campaign,60L-90L,0.0021,cold
9646662405,social_media,<30L,0.0059,cold
9846655831,social_media,90L-1.5Cr,0.0012,cold
6506347742,paid_search,30L-60L,0.0016,cold
8295457543,paid_search,60L-90L,0.0004,cold
8405954831,organic_search,60L-90L,0.0026,cold
6598964881,direct,30L-60L,0.9795,hot
8977081585,referral,>1.5Cr,0.0222,cold
6894278809,email_campaign,30L-60L,0.0009,cold
9684414731,social_media,60L-90L,0.0024,cold
7034811226,organic_search,>1.5Cr,0.0004,cold
6239489248,direct,30L-60L,0.9349,hot
6267885821,paid_search,30L-60L,0.1139,cold
8890283910,organic_search,>1.5Cr,0.0059,cold
9048384817,organic_search,60L-90L,0.0324,cold
6039788187,organic_search,30L-60L,0.0031,cold
8071579808,social_media,>1.5Cr,0.0683,cold
7387983627,referral,60L-90L,0.003,cold
7839189316,paid_search,60L-90L,0.0178,cold
7315447091,organic_search,60L-90L,0.006,cold
7335011934,direct,90L-1.5Cr,0.6674,warm
9479140460,direct,60L-90L,0.0157,cold
7730606841,social_media,60L-90L,0.0254,cold
7432640302,referral,90L-1.5Cr,0.0293,cold
8584838030,social_media,60L-90L,0.9955,hot
8328544181,direct,90L-1.5Cr,0.0272,cold
6354669490,social_media,30L-60L,0.0106,cold
8156777750,organic_search,60L-90L,0.0014,cold
9129074478,email_campaign,30L-60L,0.0038,cold
8791046136,direct,60L-90L,0.037,cold
7768348810,direct,90L-1.5Cr,0.9904,hot
8993589368,paid_search,30L-60L,0.0178,cold
7036892344,social_media,90L-1.5Cr,0.0029,cold
8737365907,social_media,30L-60L,0.3043,cold
9497995117,direct,30L-60L,0.003,cold
8788445722,organic_search,60L-90L,0.0073,cold
7996665388,organic_search,90L-1.5Cr,0.0224,cold
8424348771,organic_search,30L-60L,0.2668,cold
6037752768,social_media,60L-90L,0.0012,cold
6753148634,referral,>1.5Cr,0.0174,cold
6632784599,paid_search,90L-1.5Cr,0.9629,hot
7940044716,organic_search,60L-90L,0.9941,hot
7908458224,organic_search,30L-60L,0.0023,cold
9623393711,social_media,90L-1.5Cr,0.0139,cold
8813002035,organic_search,>1.5Cr,0.4902,warm
8450001352,referral,>1.5Cr,0.9964,hot
8834264863,social_media,30L-60L,0.0072,cold
7967930212,paid_search,<30L,0.1992,cold
6837715870,paid_search,90L-1.5Cr,0.0081,cold
7519122388,direct,30L-60L,0.9332,hot
8553985773,social_media,>1.5Cr,0.002,cold
8611974708,organic_search,60L-90L,0.0999,cold
8857601307,social_media,60L-90L,0.0529,cold
9596294345,organic_search,60L-90L,0.0146,cold
7401011666,paid_search,30L-60L,0.0085,cold
8242521380,direct,60L-90L,0.996,hot
8337459187,referral,60L-90L,0.0058,cold
9923383873,social_media,30L-60L,0.0062,cold
8217651190,paid_search,90L-1.5Cr,0.1706,cold
9892505226,organic_search,90L-1.5Cr,0.1042,cold
7120455106,organic_search,60L-90L,0.0223,cold
9169310497,paid_search,60L-90L,0.0008,cold
9637203553,social_media,60L-90L,0.2175,cold
8827928784,paid_search,<30L,0.0026,cold
6535117946,paid_search,30L-60L,0.0035,cold
8277934159,organic_search,30L-60L,0.0135,cold
8884844659,direct,90L-1.5Cr,0.378,cold
6236175912,paid_search,60L-90L,0.007,cold
7260867128,paid_search,60L-90L,0.0286,cold
8459435577,social_media,30L-60L,0.0057,cold
9462805572,social_media,60L-90L,0.0171,cold
9604230023,email_campaign,60L-90L,0.0011,cold
8401649757,paid_search,60L-90L,0.0228,cold
8129721627,social_media,<30L,0.0145,cold
7486245168,email_campaign,30L-60L,0.039,cold
6401220883,organic_search,60L-90L,0.0051,cold
7583627114,social_media,90L-1.5Cr,0.6997,warm
6381612297,referral,90L-1.5Cr,0.9167,hot
6045633457,organic_search,30L-60L,0.9892,hot
6570259265,organic_search,>1.5Cr,0.0427,cold
6398797656,social_media,>1.5Cr,0.0322,cold
7101024269,organic_search,30L-60L,0.9945,hot
6537040319,paid_search,<30L,0.9075,hot
6549714973,paid_search,60L-90L,0.007,cold
8071455502,organic_search,90L-1.5Cr,0.002,cold
9697468743,paid_search,60L-90L,0.0246,cold
7056379266,referral,30L-60L,0.7635,hot
6230203969,social_media,30L-60L,0.0084,cold
8991171000,social_media,30L-60L,0.9701,hot
6719916938,organic_search,60L-90L,0.0006,cold
6897024670,organic_search,30L-60L,0.9053,hot
6983545324,direct,60L-90L,0.0081,cold
6053503310,direct,>1.5Cr,0.0065,cold
9129225866,email_campaign,60L-90L,0.0451,cold
9479727931,social_media,30L-60L,0.0012,cold
6419999828,paid_search,90L-1.5Cr,0.6123,warm
8114580667,organic_search,60L-90L,0.0039,cold
9597821996,email_campaign,60L-90L,0.974,hot
6652603355,organic_search,60L-90L,0.0787,cold
7513207705,organic_search,30L-60L,0.8962,hot
7789783127,organic_search,60L-90L,0.0013,cold
6432488857,paid_search,60L-90L,0.2647,cold
9847914012,paid_search,60L-90L,0.0261,cold
9154824968,paid_search,<30L,0.0113,cold
9933273721,direct,90L-1.5Cr,0.0029,cold
8823929204,organic_search,60L-90L,0.1817,cold
7899500626,direct,90L-1.5Cr,0.9915,hot
9246225420,email_campaign,>1.5Cr,0.007,cold
6377830803,social_media,<30L,0.0236,cold
6306651327,social_media,90L-1.5Cr,0.0025,cold
6241992939,paid_search,60L-90L,0.0786,cold
8135717057,email_campaign,60L-90L,0.9676,hot
6472487842,referral,60L-90L,0.0069,cold
6437314232,organic_search,90L-1.5Cr,0.0113,cold
6266793815,referral,60L-90L,0.0067,cold
7131273587,organic_search,60L-90L,0.0206,cold
9482669262,organic_search,30L-60L,0.7185,hot
8554416673,email_campaign,30L-60L,0.0473,cold
8539471941,paid_search,60L-90L,0.0052,cold
7825628169,social_media,60L-90L,0.0013,cold
6114445742,paid_search,60L-90L,0.0629,cold
7525383550,social_media,60L-90L,0.0077,cold
7924300098,referral,30L-60L,0.0078,cold
8129398412,social_media,<30L,0.0034,cold
9138873061,organic_search,90L-1.5Cr,0.0013,cold
8832210275,social_media,>1.5Cr,0.0107,cold
8710791495,direct,60L-90L,0.0333,cold
9778477597,referral,30L-60L,0.005,cold
9356025595,organic_search,90L-1.5Cr,0.9963,hot
7167377202,paid_search,30L-60L,0.4986,warm
8723109767,social_media,60L-90L,0.0012,cold
7534297997,email_campaign,60L-90L,0.0012,cold
6741608025,social_media,60L-90L,0.0005,cold
6089806819,social_media,30L-60L,0.9934,hot
9060832305,direct,30L-60L,0.0068,cold
8160436178,organic_search,30L-60L,0.9056,hot
8567504824,paid_search,60L-90L,0.0261,cold
6939172096,paid_search,>1.5Cr,0.9978,hot
9289188333,referral,>1.5Cr,0.0021,cold
6716621278,email_campaign,>1.5Cr,0.0535,cold
9349242324,paid_search,90L-1.5Cr,0.8763,hot
7701053906,referral,60L-90L,0.1691,cold
8773618535,referral,90L-1.5Cr,0.9998,hot
8884569995,direct,60L-90L,0.0793,cold
6314908840,direct,60L-90L,0.9996,hot
9602636995,referral,90L-1.5Cr,0.9924,hot
7723336363,organic_search,60L-90L,0.0061,cold
9023157592,organic_search,>1.5Cr,0.0038,cold
9159328981,organic_search,30L-60L,0.0103,cold
7212863769,social_media,30L-60L,0.0348,cold
9864682239,email_campaign,30L-60L,0.1635,cold
7667778531,paid_search,30L-60L,0.1101,cold
8155330579,organic_search,60L-90L,0.9795,hot
6397235832,paid_search,30L-60L,0.0092,cold
7223668975,paid_search,60L-90L,0.0071,cold
8196713790,paid_search,60L-90L,0.158,cold
6071716230,referral,30L-60L,0.9407,hot
9486960079,organic_search,90L-1.5Cr,0.0022,cold
8834643342,social_media,60L-90L,0.3336,cold
8685280499,email_campaign,60L-90L,0.003,cold
6582171793,paid_search,60L-90L,0.0022,cold
6336676655,paid_search,30L-60L,0.0029,cold
8897478692,referral,90L-1.5Cr,0.0189,cold
8876779703,paid_search,90L-1.5Cr,0.0054,cold
6119409250,paid_search,30L-60L,0.0258,cold
8524959123,referral,90L-1.5Cr,0.0014,cold
6011977714,organic_search,90L-1.5Cr,0.0012,cold
6963886886,organic_search,30L-60L,0.0059,cold
7047518323,organic_search,90L-1.5Cr,0.8869,hot
7745987454,organic_search,90L-1.5Cr,0.0112,cold
9889776073,direct,>1.5Cr,0.0161,cold
8163802466,direct,60L-90L,0.0407,cold
6841683481,referral,30L-60L,0.0046,cold
9200917955,paid_search,30L-60L,0.6885,warm
9124615102,organic_search,90L-1.5Cr,0.8108,hot
9306232590,referral,90L-1.5Cr,0.0163,cold
7539274353,paid_search,30L-60L,0.2096,cold
7660906532,social_media,>1.5Cr,0.0006,cold
7060728453,paid_search,30L-60L,0.3695,cold
8926998578,organic_search,>1.5Cr,0.0029,cold
9699533673,organic_search,>1.5Cr,0.0141,cold
8281577007,paid_search,>1.5Cr,0.12,cold
6040815825,social_media,<30L,0.9985,hot
6865710486,email_campaign,<30L,0.007,cold
6944326606,email_campaign,30L-60L,0.9896,hot
8403436085,organic_search,>1.5Cr,0.0467,cold
9462942202,paid_search,30L-60L,0.0046,cold
9322336171,email_campaign,90L-1.5Cr,0.0336,cold
7751575852,referral,<30L,0.001,cold
8207790534,organic_search,90L-1.5Cr,0.0774,cold
6018768421,referral,<30L,0.9979,hot
6038859529,referral,60L-90L,0.0101,cold
8282220529,organic_search,60L-90L,0.0818,cold
9735436750,social_media,90L-1.5Cr,0.1464,cold
8605980119,organic_search,<30L,0.0227,cold
6002290733,direct,30L-60L,0.2375,cold
6958155056,paid_search,30L-60L,0.0075,cold
9272537642,direct,>1.5Cr,0.1265,cold
7956645619,email_campaign,90L-1.5Cr,0.017,cold
7073436921,paid_search,30L-60L,0.0149,cold
7473834684,direct,30L-60L,0.0121,cold
9112947914,paid_search,90L-1.5Cr,0.0705,cold
9312910385,direct,60L-90L,0.065,cold
9274928872,referral,30L-60L,0.0286,cold
7099008386,organic_search,30L-60L,0.0292,cold
9478688765,organic_search,>1.5Cr,0.2236,cold
9346652085,paid_search,90L-1.5Cr,0.03,cold
7324892839,social_media,30L-60L,0.012,cold
9655201992,paid_search,30L-60L,0.0394,cold
7880101215,paid_search,30L-60L,0.9757,hot
7283511148,social_media,30L-60L,0.0011,cold
6947728297,direct,<30L,0.9664,hot
9615866168,email_campaign,60L-90L,0.5161,warm
8195268379,social_media,60L-90L,0.0015,cold
6770958714,organic_search,60L-90L,0.0005,cold
6289364588,direct,60L-90L,0.0591,cold
9452113600,direct,30L-60L,0.0798,cold
6960109280,organic_search,30L-60L,0.0246,cold
6254889299,paid_search,60L-90L,0.1267,cold
7683441290,paid_search,90L-1.5Cr,0.0249,cold
6723353447,email_campaign,30L-60L,0.0068,cold
9720115649,direct,90L-1.5Cr,0.5944,warm
8276811672,organic_search,60L-90L,0.9908,hot
6214037802,paid_search,30L-60L,0.9708,hot
7063386751,social_media,90L-1.5Cr,0.0079,cold
6270940054,paid_search,90L-1.5Cr,0.0183,cold
7951501460,direct,30L-60L,0.9458,hot
7229974781,direct,60L-90L,0.0343,cold
6826000300,organic_search,30L-60L,0.0114,cold
8645689350,paid_search,60L-90L,0.6181,warm
8665423432,paid_search,30L-60L,0.8896,hot
8790774203,email_campaign,60L-90L,0.092,cold
8587646074,email_campaign,30L-60L,0.9826,hot
6825441942,referral,60L-90L,0.0502,cold
9436236405,paid_search,>1.5Cr,0.0097,cold
8583825485,email_campaign,60L-90L,0.0038,cold
6342117608,social_media,30L-60L,0.003,cold
6749581402,paid_search,90L-1.5Cr,0.1168,cold
8234439129,organic_search,30L-60L,0.014,cold
7845067453,organic_search,>1.5Cr,0.491,warm
6896289638,organic_search,60L-90L,0.1343,cold
8023545802,referral,90L-1.5Cr,0.0002,cold
9318165126,paid_search,90L-1.5Cr,0.0373,cold
9675748906,organic_search,30L-60L,0.9442,hot
6816104726,organic_search,<30L,0.0315,cold
8638272709,paid_search,90L-1.5Cr,0.0638,cold
7672426159,organic_search,<30L,0.0015,cold
8179400161,organic_search,<30L,0.3492,cold
8313710066,direct,>1.5Cr,0.0498,cold
6885805254,organic_search,90L-1.5Cr,0.0089,cold
6857997112,organic_search,30L-60L,0.016,cold
7844609485,social_media,60L-90L,0.0042,cold
6765484528,social_media,30L-60L,0.0038,cold
7894476091,direct,30L-60L,0.1346,cold
9156535380,social_media,60L-90L,0.0492,cold
8602016625,paid_search,90L-1.5Cr,0.0017,cold
7604432838,organic_search,60L-90L,0.0444,cold
8309192427,direct,60L-90L,0.0249,cold
6400076237,organic_search,30L-60L,0.0376,cold
6673298127,organic_search,60L-90L,0.9995,hot
9267423954,paid_search,60L-90L,0.1542,cold
7657690994,referral,90L-1.5Cr,0.0031,cold
9925141647,paid_search,>1.5Cr,0.947,hot
8264390719,direct,90L-1.5Cr,0.3596,cold
7631141113,organic_search,60L-90L,0.006,cold
6505449578,organic_search,30L-60L,0.982,hot
9792542119,paid_search,60L-90L,0.0027,cold
7422509858,direct,<30L,0.4695,warm
6735026671,organic_search,30L-60L,0.0136,cold
7595721879,organic_search,>1.5Cr,0.0065,cold
6455910450,direct,>1.5Cr,0.001,cold
6023541353,referral,60L-90L,0.0519,cold
6391809682,organic_search,90L-1.5Cr,0.0164,cold
6451101961,referral,<30L,0.0038,cold
7686794995,organic_search,30L-60L,0.0007,cold
8090480789,organic_search,30L-60L,0.0124,cold
9033734342,direct,90L-1.5Cr,0.0202,cold
9986011003,email_campaign,>1.5Cr,0.0014,cold
8665119505,organic_search,90L-1.5Cr,0.0129,cold
9052629386,direct,<30L,0.0802,cold
9447783291,direct,30L-60L,0.9946,hot
6560787289,organic_search,30L-60L,0.0806,cold
8004235164,referral,60L-90L,0.2032,cold
9596630790,direct,<30L,0.0054,cold
9235378407,email_campaign,60L-90L,0.0069,cold
8423827550,referral,30L-60L,0.0044,cold
6987126819,social_media,30L-60L,0.0022,cold
9398421550,email_campaign,30L-60L,0.015,cold
6377197175,social_media,90L-1.5Cr,0.0155,cold
8509743449,social_media,30L-60L,0.0054,cold
8363272712,social_media,>1.5Cr,0.022,cold
9258973190,social_media,30L-60L,0.0028,cold
9922958991,organic_search,>1.5Cr,0.2542,cold
7969557929,direct,>1.5Cr,0.0009,cold
6684465957,paid_search,<30L,0.714,hot
9256153014,social_media,30L-60L,0.0006,cold
7159407481,organic_search,90L-1.5Cr,0.0028,cold
9945354228,social_media,60L-90L,0.0506,cold
9904348777,organic_search,30L-60L,0.985,hot
7368702912,paid_search,90L-1.5Cr,0.0003,cold
9366348511,direct,60L-90L,0.0005,cold
6210391491,organic_search,30L-60L,0.0261,cold
9060284991,organic_search,60L-90L,0.9978,hot
8576727463,organic_search,60L-90L,0.2264,cold
9628251700,paid_search,90L-1.5Cr,0.2775,cold
9667649777,social_media,90L-1.5Cr,0.0208,cold
6759297514,organic_search,60L-90L,0.0011,cold
6429320967,organic_search,30L-60L,0.0543,cold
8035586894,referral,30L-60L,0.0024,cold
8389191077,social_media,30L-60L,0.0017,cold
6089247669,direct,60L-90L,0.0197,cold
7908667703,paid_search,30L-60L,0.0249,cold
7399466959,organic_search,60L-90L,1e-04,cold
6316840886,direct,<30L,0.0289,cold
9684678715,paid_search,30L-60L,0.9339,hot
9686921697,social_media,30L-60L,0.0696,cold
9820785475,social_media,60L-90L,0.0391,cold
7212399478,social_media,30L-60L,0.0108,cold
6227289004,paid_search,>1.5Cr,0.0057,cold
7511291834,email_campaign,90L-1.5Cr,0.9978,hot
7862121913,organic_search,>1.5Cr,0.002,cold
9978940325,email_campaign,60L-90L,0.0181,cold
9736979488,organic_search,30L-60L,0.0374,cold
7626840477,referral,60L-90L,0.0239,cold
7961615722,paid_search,>1.5Cr,0.0034,cold
9646577645,referral,30L-60L,0.1475,cold
6954153456,social_media,60L-90L,0.0043,cold
9577283084,paid_search,30L-60L,0.0051,cold
7021681512,social_media,<30L,0.0138,cold
7515810671,paid_search,60L-90L,0.0064,cold
8131317570,organic_search,30L-60L,0.0031,cold
7878646196,direct,30L-60L,0.7098,hot
6091061879,organic_search,90L-1.5Cr,0.0292,cold
9658156087,social_media,>1.5Cr,0.9033,hot
6989780177,social_media,>1.5Cr,0.0038,cold
8205375341,organic_search,30L-60L,0.0015,cold
9509473750,social_media,90L-1.5Cr,0.0577,cold
7726144877,social_media,60L-90L,0.0107,cold
9124228330,paid_search,30L-60L,0.0321,cold
9388465539,organic_search,60L-90L,0.0083,cold
8873231522,organic_search,60L-90L,0.513,warm
6662414792,social_media,30L-60L,0.0014,cold
9787147853,paid_search,90L-1.5Cr,0.0012,cold
9637983193,direct,60L-90L,0.15,cold
8309613871,social_media,<30L,0.0011,cold
9386510938,organic_search,30L-60L,0.0002,cold
8050182834,direct,90L-1.5Cr,0.0259,cold
9427096172,social_media,90L-1.5Cr,0.0329,cold
7164192490,referral,>1.5Cr,0.9939,hot
7261920010,paid_search,30L-60L,0.0053,cold
9177013051,paid_search,<30L,0.9842,hot
7269719640,organic_search,30L-60L,0.003,cold
7725213312,direct,>1.5Cr,0.1535,cold
8974802741,organic_search,60L-90L,0.0627,cold
8606226730,referral,60L-90L,0.0693,cold
9637397486,paid_search,<30L,0.0043,cold
7665284826,paid_search,>1.5Cr,0.4171,warm
8591892102,direct,>1.5Cr,0.0042,cold
6096807769,social_media,60L-90L,0.0437,cold
7251091340,organic_search,<30L,0.0018,cold
9747026045,paid_search,90L-1.5Cr,0.0055,cold
9492102051,organic_search,60L-90L,0.0187,cold
8472644794,organic_search,60L-90L,0.9379,hot
6735633929,referral,90L-1.5Cr,0.0005,cold
9534210298,organic_search,30L-60L,0.0104,cold
7673904995,paid_search,90L-1.5Cr,0.0406,cold
7560985318,organic_search,60L-90L,0.9899,hot
8225745092,paid_search,<30L,0.0014,cold
6484958635,paid_search,90L-1.5Cr,0.007,cold
6799572512,referral,30L-60L,0.0002,cold
8191020773,paid_search,30L-60L,0.992,hot
9894258521,paid_search,30L-60L,0.003,cold
6707806473,organic_search,30L-60L,0.0012,cold
9891995373,referral,30L-60L,0.0015,cold
7188954915,social_media,60L-90L,0.0044,cold
9563566010,social_media,90L-1.5Cr,0.0371,cold
7559529405,social_media,60L-90L,0.001,cold
6498046496,email_campaign,30L-60L,0.009,cold
7922862034,referral,30L-60L,0.0031,cold
8955406179,paid_search,90L-1.5Cr,0.4501,warm
8272501650,referral,30L-60L,0.6468,warm
8394164850,referral,30L-60L,0.0004,cold
7780089012,organic_search,60L-90L,0.0092,cold
6135808761,referral,30L-60L,0.0105,cold
9378135649,referral,30L-60L,0.9961,hot
9835615734,paid_search,30L-60L,0.0061,cold
7517613489,social_media,<30L,0.001,cold
8596178053,paid_search,90L-1.5Cr,0.003,cold
8318726652,organic_search,30L-60L,0.0048,cold
7894988578,paid_search,30L-60L,0.3416,cold
7579920019,organic_search,30L-60L,0.0135,cold
9537876191,organic_search,30L-60L,0.0091,cold
6818644571,organic_search,>1.5Cr,0.0033,cold
6218275057,organic_search,30L-60L,0.0259,cold
6237944799,paid_search,60L-90L,0.0006,cold
9788631656,email_campaign,60L-90L,0.0015,cold
9268456955,organic_search,90L-1.5Cr,0.0359,cold
6264945582,organic_search,60L-90L,0.0258,cold
6912078982,paid_search,90L-1.5Cr,0.0074,cold
7269805862,organic_search,60L-90L,0.0309,cold
6306371717,social_media,30L-60L,0.0486,cold
8316629017,organic_search,>1.5Cr,0.0048,cold
9225004960,social_media,30L-60L,0.0117,cold
9396737086,referral,30L-60L,0.0046,cold
9823711018,direct,90L-1.5Cr,0.1315,cold
6498954205,organic_search,60L-90L,0.469,warm
8367884569,referral,60L-90L,0.9847,hot
8260506590,organic_search,30L-60L,0.418,warm
7555730270,organic_search,60L-90L,0.014,cold
6782411152,organic_search,>1.5Cr,0.1528,cold
9691750813,paid_search,30L-60L,0.0013,cold
9133995663,paid_search,60L-90L,0.0109,cold
6165110314,social_media,30L-60L,0.0005,cold
7834008421,organic_search,90L-1.5Cr,0.0956,cold
9397952910,organic_search,90L-1.5Cr,0.0077,cold
8955520654,direct,30L-60L,1e-04,cold
9698235049,email_campaign,90L-1.5Cr,0.0081,cold
6112105608,paid_search,30L-60L,0.0008,cold
9079309125,referral,60L-90L,0.02,cold
7658525116,organic_search,60L-90L,0.0045,cold
7659146142,paid_search,<30L,0.0241,cold
6934881470,social_media,30L-60L,0.2472,cold
7568448563,direct,60L-90L,0.004,cold
8338051562,email_campaign,30L-60L,0.9839,hot
9475938280,organic_search,>1.5Cr,0.0015,cold
9258695159,organic_search,30L-60L,0.0006,cold
7882627724,social_media,>1.5Cr,0.0375,cold
8296250386,paid_search,30L-60L,0.9266,hot
7691768569,referral,60L-90L,0.0041,cold
6834448076,direct,30L-60L,0.0051,cold
8265592335,social_media,30L-60L,0.0108,cold
7865893075,organic_search,60L-90L,0.0149,cold
8545662977,paid_search,60L-90L,0.047,cold
8262142860,paid_search,30L-60L,0.0262,cold
6851609074,organic_search,60L-90L,0.0188,cold
9877682654,organic_search,60L-90L,0.0222,cold
9354459613,social_media,90L-1.5Cr,0.0066,cold
6404966395,direct,90L-1.5Cr,0.0042,cold
7819410615,organic_search,<30L,0.0018,cold
9436476470,organic_search,>1.5Cr,0.0068,cold
8505450364,direct,90L-1.5Cr,0.0409,cold
9412713267,email_campaign,30L-60L,0.0003,cold
6804981401,email_campaign,90L-1.5Cr,0.0019,cold
7977130056,social_media,<30L,0.0063,cold
7698940845,social_media,90L-1.5Cr,0.0015,cold
7798364127,social_media,30L-60L,0.9973,hot
6742727472,email_campaign,60L-90L,0.0759,cold
8863903957,organic_search,>1.5Cr,0.0095,cold
6286756200,referral,30L-60L,0.0022,cold
9968838658,paid_search,30L-60L,0.9847,hot
8360194852,email_campaign,<30L,0.9999,hot
6370923322,organic_search,90L-1.5Cr,0.044,cold
8514737875,social_media,30L-60L,0.0012,cold
6672798211,paid_search,30L-60L,0.003,cold
6574835123,organic_search,<30L,0.1626,cold
8553974510,social_media,30L-60L,0.0052,cold
7168874780,referral,>1.5Cr,0.0956,cold
8478051740,paid_search,60L-90L,0.015,cold
6583565375,organic_search,>1.5Cr,0.9778,hot
9336600512,direct,60L-90L,0.0282,cold
6064698079,social_media,60L-90L,0.0112,cold
7673680246,paid_search,>1.5Cr,0.0238,cold
7050311061,email_campaign,30L-60L,0.3257,cold
9047766770,social_media,90L-1.5Cr,0.0094,cold
6682682812,social_media,30L-60L,0.0034,cold
9056052611,email_campaign,90L-1.5Cr,0.9558,hot
6945848093,email_campaign,60L-90L,0.0089,cold
9651934469,email_campaign,30L-60L,0.004,cold
7379350335,organic_search,30L-60L,0.0127,cold
9977895185,email_campaign,30L-60L,0.024,cold
6463334736,referral,90L-1.5Cr,0.0826,cold
6982333646,email_campaign,30L-60L,0.0339,cold
6480124540,direct,<30L,0.1086,cold
6078116989,direct,60L-90L,0.0253,cold
9975703931,referral,>1.5Cr,0.9603,hot
7488374253,direct,90L-1.5Cr,0.0005,cold
9403332294,organic_search,<30L,0.0979,cold
7944549980,organic_search,30L-60L,0.0048,cold
7690600494,organic_search,60L-90L,0.0084,cold
9565710623,organic_search,30L-60L,0.8374,hot
7136607379,email_campaign,30L-60L,0.025,cold
8640473474,organic_search,90L-1.5Cr,0.9919,hot
6387275928,email_campaign,>1.5Cr,0.1943,cold
8046760338,social_media,60L-90L,0.9964,hot
6140035149,social_media,60L-90L,0.0143,cold
7967697874,paid_search,<30L,0.0025,cold
8913195904,paid_search,30L-60L,0.0346,cold
9399277658,organic_search,30L-60L,0.0386,cold
7152602203,organic_search,30L-60L,0.0007,cold
6220217995,email_campaign,>1.5Cr,0.2283,cold
6308864682,social_media,30L-60L,0.0354,cold
6675681421,direct,60L-90L,0.0132,cold
6530810290,direct,90L-1.5Cr,0.0035,cold
7375816018,social_media,30L-60L,0.9898,hot
6552837350,email_campaign,<30L,0.0037,cold
6877889845,paid_search,30L-60L,0.003,cold
8833775324,social_media,90L-1.5Cr,0.0012,cold
7312418740,direct,30L-60L,0.0972,cold
9688172435,email_campaign,60L-90L,0.0022,cold
8521930049,social_media,30L-60L,0.0029,cold
9819838979,paid_search,90L-1.5Cr,0.0015,cold
9659253466,paid_search,30L-60L,0.9881,hot
6734912667,referral,60L-90L,0.0036,cold
8666497130,organic_search,30L-60L,0.0068,cold
9467314633,email_campaign,>1.5Cr,0.0249,cold
6887950428,social_media,>1.5Cr,0.9982,hot
7173633793,organic_search,>1.5Cr,0.0021,cold
9725903440,paid_search,>1.5Cr,0.1005,cold
7528212528,direct,60L-90L,0.0073,cold
8405398228,social_media,30L-60L,0.9794,hot
9373770597,referral,90L-1.5Cr,0.9887,hot
6751196850,organic_search,60L-90L,0.0358,cold
6226656479,paid_search,90L-1.5Cr,0.1012,cold
9448524089,organic_search,30L-60L,0.0181,cold
6220148265,organic_search,60L-90L,0.004,cold
6301960535,direct,90L-1.5Cr,0.0629,cold
6770381050,social_media,30L-60L,0.0083,cold
8828016193,organic_search,60L-90L,0.0011,cold
6465364661,organic_search,90L-1.5Cr,0.6956,warm
7781942918,paid_search,>1.5Cr,0.041,cold
7249009573,organic_search,90L-1.5Cr,0.0056,cold
7492058973,email_campaign,30L-60L,0.0163,cold
6909140579,referral,>1.5Cr,0.0012,cold
9951932855,direct,30L-60L,0.0059,cold
6793337609,paid_search,30L-60L,0.0028,cold
8306158443,organic_search,30L-60L,0.0033,cold
7953250460,organic_search,30L-60L,0.001,cold
7142356126,referral,<30L,0.0131,cold
8594751880,direct,30L-60L,0.0028,cold
8950747295,paid_search,60L-90L,0.0011,cold
6212988760,organic_search,60L-90L,0.0146,cold
7528245086,paid_search,90L-1.5Cr,0.9891,hot
7318761178,direct,30L-60L,0.0042,cold
9521841457,paid_search,60L-90L,0.995,hot
7057897106,email_campaign,30L-60L,0.0015,cold
6131568554,direct,>1.5Cr,0.0143,cold
6023582347,organic_search,<30L,0.0334,cold
9972434375,paid_search,>1.5Cr,0.1102,cold
8583594895,organic_search,90L-1.5Cr,0.002,cold
6307396580,paid_search,30L-60L,0.0518,cold
8238603556,organic_search,30L-60L,0.9601,hot
6895474478,organic_search,90L-1.5Cr,0.0269,cold
8461372692,organic_search,60L-90L,0.9214,hot
6353319111,organic_search,30L-60L,0.9972,hot
9938043450,email_campaign,>1.5Cr,0.014,cold
6150867757,social_media,60L-90L,0.0401,cold
9684777389,organic_search,90L-1.5Cr,0.0573,cold
8674126930,organic_search,30L-60L,0.0011,cold
9822680015,referral,<30L,0.0125,cold
8078706637,organic_search,30L-60L,0.0109,cold
6043320479,referral,>1.5Cr,0.0282,cold
6992880123,organic_search,30L-60L,0.0004,cold
7505549899,paid_search,30L-60L,0.0051,cold
7311147857,social_media,60L-90L,0.0156,cold
7020002136,social_media,90L-1.5Cr,0.0044,cold
7451649331,direct,>1.5Cr,0.9975,hot
9210287894,paid_search,90L-1.5Cr,0.0353,cold
9426072393,paid_search,30L-60L,0.007,cold
6267740074,email_campaign,30L-60L,0.1058,cold
8253668115,direct,>1.5Cr,0.039,cold
8848838749,paid_search,30L-60L,0.9411,hot
7806959399,referral,60L-90L,0.0022,cold
7676980957,social_media,30L-60L,0.0296,cold
6366391937,social_media,90L-1.5Cr,0.0003,cold
8871735449,direct,<30L,0.0031,cold
9009029197,social_media,30L-60L,0.0048,cold
7004345011,organic_search,60L-90L,0.0301,cold
9524542111,referral,30L-60L,0.0602,cold
9952970510,social_media,90L-1.5Cr,0.0047,cold
8608368173,organic_search,30L-60L,0.0003,cold
6319644014,direct,60L-90L,0.0114,cold
6679286939,referral,30L-60L,0.0306,cold
7045884257,social_media,30L-60L,0.0032,cold
8867345374,social_media,60L-90L,0.0013,cold
8649945978,paid_search,90L-1.5Cr,0.3538,cold
6834370332,paid_search,90L-1.5Cr,0.9682,hot
9995829089,referral,60L-90L,0.7969,hot
8970334430,organic_search,<30L,0.0007,cold
8043763257,email_campaign,90L-1.5Cr,0.0417,cold
6689055198,referral,90L-1.5Cr,0.0345,cold
7133099604,referral,90L-1.5Cr,0.0023,cold
9432849630,paid_search,30L-60L,0.9989,hot
7026044204,paid_search,30L-60L,0.0002,cold
9204653522,direct,30L-60L,0.0013,cold
7243218183,organic_search,30L-60L,0.0077,cold
9245959665,social_media,60L-90L,0.0068,cold
9122906378,paid_search,>1.5Cr,0.0224,cold
6198426554,social_media,60L-90L,0.0088,cold
7463531134,social_media,90L-1.5Cr,0.0032,cold
9033749376,organic_search,>1.5Cr,1e-04,cold
6971825649,direct,60L-90L,1e-04,cold
6372460023,email_campaign,60L-90L,0.0256,cold
9703101049,organic_search,90L-1.5Cr,0.0146,cold
8797454509,paid_search,60L-90L,0.0084,cold
9448485070,social_media,60L-90L,0.0366,cold
8403771890,social_media,30L-60L,0.9646,hot
6961878863,paid_search,30L-60L,0.0346,cold
6028456262,social_media,30L-60L,0.0166,cold
6338380717,paid_search,60L-90L,0.002,cold
9649465579,organic_search,60L-90L,0.0003,cold
8247783436,social_media,<30L,0.8853,hot
9127276100,paid_search,90L-1.5Cr,0.0044,cold
8286707775,social_media,>1.5Cr,0.002,cold
9973988835,organic_search,30L-60L,0.0011,cold
9678532257,organic_search,30L-60L,0.001,cold
9572550508,organic_search,30L-60L,0.0807,cold
9511855077,email_campaign,90L-1.5Cr,0.1303,cold
7827961131,paid_search,60L-90L,0.0041,cold
6391387476,paid_search,90L-1.5Cr,0.0012,cold
6677447551,social_media,30L-60L,0.9151,hot
8158814642,social_media,30L-60L,0.0081,cold
7077330879,email_campaign,60L-90L,0.0079,cold
9059333764,organic_search,60L-90L,0.0219,cold
6755812576,organic_search,60L-90L,0.0413,cold
8344795414,referral,>1.5Cr,0.0132,cold
9379179566,paid_search,60L-90L,0.0495,cold
7059776779,social_media,60L-90L,0.0135,cold
7656229295,social_media,60L-90L,0.2511,cold
9266228622,paid_search,<30L,0.9999,hot
8910353381,paid_search,30L-60L,0.9935,hot
8941438521,organic_search,60L-90L,0.1697,cold
8751030479,social_media,60L-90L,0.9777,hot
9235228202,direct,30L-60L,0.0072,cold
7221615771,organic_search,60L-90L,0.0018,cold
8576920353,organic_search,>1.5Cr,0.9861,hot
6716617554,social_media,90L-1.5Cr,0.0246,cold
9343005763,email_campaign,30L-60L,0.0235,cold
7443848384,direct,60L-90L,0.0067,cold
9564430665,organic_search,60L-90L,0.0352,cold
8742322835,social_media,60L-90L,0.0296,cold
6391042822,email_campaign,60L-90L,0.9995,hot
6344858721,referral,30L-60L,0.9997,hot
9723484561,referral,30L-60L,0.0023,cold
6926402884,organic_search,30L-60L,0.0217,cold
7725621040,direct,60L-90L,0.0322,cold
6715659256,direct,30L-60L,0.0512,cold
9502157533,organic_search,60L-90L,0.0474,cold
7910827605,social_media,60L-90L,0.001,cold
6850208313,email_campaign,30L-60L,0.016,cold
6277515360,organic_search,60L-90L,0.0067,cold
7088730102,organic_search,30L-60L,0.9993,hot
7780351565,paid_search,90L-1.5Cr,0.0052,cold
9344280511,social_media,30L-60L,0.0191,cold
7540564256,organic_search,30L-60L,0.0035,cold
9508603412,direct,90L-1.5Cr,0.0157,cold
6789532717,paid_search,60L-90L,0.8639,hot
9288533094,social_media,60L-90L,0.0169,cold
8763517231,paid_search,<30L,0.0173,cold
8384674032,social_media,60L-90L,0.0128,cold
8151848948,referral,>1.5Cr,0.9917,hot
7388102973,organic_search,>1.5Cr,0.9447,hot
8803965325,email_campaign,30L-60L,0.9306,hot
8431122650,paid_search,60L-90L,0.0018,cold
8243800473,referral,60L-90L,0.9843,hot
7280021749,paid_search,60L-90L,0.0017,cold
7940951000,social_media,60L-90L,0.81,hot
6224281966,paid_search,90L-1.5Cr,0.9932,hot
7515390013,organic_search,60L-90L,0.025,cold
7740527515,paid_search,90L-1.5Cr,0.0294,cold
7149215563,referral,60L-90L,0.0098,cold
8305090121,referral,60L-90L,0.0002,cold
6665149570,organic_search,60L-90L,0.0023,cold
6111924982,paid_search,30L-60L,0.9708,hot
7466739493,referral,60L-90L,0.4203,warm
8436281075,direct,30L-60L,0.0012,cold
7759238039,social_media,90L-1.5Cr,0.0008,cold
8310677567,social_media,30L-60L,0.0269,cold
8435255527,direct,90L-1.5Cr,0.001,cold
8234254793,social_media,30L-60L,0.0012,cold
8437275392,email_campaign,<30L,0.0012,cold
6201879324,email_campaign,60L-90L,0.065,cold
6164627375,paid_search,60L-90L,0.0046,cold
9305832553,organic_search,30L-60L,0.0006,cold
7725393130,paid_search,60L-90L,0.0026,cold
8935396277,social_media,60L-90L,0.1646,cold
9951931884,social_media,30L-60L,0.001,cold
7376844481,direct,30L-60L,0.0119,cold
6177247981,social_media,30L-60L,0.0004,cold
6999886594,social_media,60L-90L,0.0231,cold
6881996480,organic_search,>1.5Cr,0.0074,cold
6213637419,organic_search,60L-90L,0.0507,cold
9991925310,email_campaign,60L-90L,0.0122,cold
8567865491,social_media,60L-90L,0.0019,cold
6956322215,referral,90L-1.5Cr,0.003,cold
9146162760,organic_search,30L-60L,0.0014,cold
6767038597,organic_search,30L-60L,0.389,cold
7035432189,organic_search,>1.5Cr,0.0297,cold
6088415943,email_campaign,<30L,0.0376,cold
8718186327,paid_search,60L-90L,0.9338,hot
8861250765,referral,60L-90L,0.0746,cold
9510038226,social_media,90L-1.5Cr,0.0106,cold
9555536615,social_media,60L-90L,0.9562,hot
9299787336,paid_search,60L-90L,0.9767,hot
7786088911,paid_search,30L-60L,0.0028,cold
6637649370,direct,30L-60L,0.0157,cold
8177067623,organic_search,30L-60L,0.0033,cold
6602425816,social_media,60L-90L,0.0005,cold
9280186274,direct,30L-60L,0.0429,cold
7365635969,direct,60L-90L,0.0021,cold
7769116659,referral,90L-1.5Cr,0.9733,hot
7353057527,social_media,60L-90L,0.0021,cold
9429377031,paid_search,90L-1.5Cr,0.0052,cold
6074756990,direct,30L-60L,0.0074,cold
7484081395,direct,90L-1.5Cr,0.0008,cold
6391771888,direct,60L-90L,0.0039,cold
6889576018,email_campaign,30L-60L,0.01,cold
6873810965,social_media,30L-60L,0.0155,cold
8298356892,organic_search,60L-90L,0.7839,hot
7798553768,organic_search,30L-60L,0.0032,cold
8970103627,organic_search,30L-60L,0.0108,cold
9167198973,paid_search,>1.5Cr,0.9327,hot
7592137424,organic_search,30L-60L,0.0022,cold
8557085203,social_media,60L-90L,0.0085,cold
6179965329,referral,90L-1.5Cr,0.0154,cold
9956805739,paid_search,30L-60L,0.0031,cold
6825332907,referral,30L-60L,0.0034,cold
8400026856,referral,90L-1.5Cr,0.9941,hot
8207231721,referral,60L-90L,0.0271,cold
9915109114,social_media,60L-90L,0.0028,cold
8645861111,paid_search,60L-90L,0.0044,cold
8966634672,email_campaign,30L-60L,0.9779,hot
6998416823,organic_search,90L-1.5Cr,0.9992,hot
9505747038,paid_search,30L-60L,0.9823,hot
7228822504,paid_search,90L-1.5Cr,0.8911,hot
8913557735,organic_search,60L-90L,0.4752,warm
7226553315,social_media,90L-1.5Cr,0.2355,cold
9865411588,social_media,30L-60L,0.0052,cold
9834178932,paid_search,60L-90L,0.0005,cold
9419363574,organic_search,<30L,0.0032,cold
8949238888,paid_search,30L-60L,0.0022,cold
6536227642,paid_search,60L-90L,0.9985,hot
7295320203,referral,90L-1.5Cr,0.0152,cold
6591857691,direct,<30L,0.9938,hot
9214601179,direct,90L-1.5Cr,0.8478,hot
8493494499,social_media,<30L,0.0013,cold
9341686017,organic_search,60L-90L,0.0098,cold
7000207783,social_media,30L-60L,0.061,cold
9031019540,organic_search,30L-60L,0.0013,cold
6748267051,paid_search,90L-1.5Cr,0.0524,cold
6691036035,paid_search,90L-1.5Cr,0.015,cold
9637845974,email_campaign,30L-60L,0.0041,cold
7817488928,organic_search,>1.5Cr,0.2843,cold
9294698758,social_media,60L-90L,0.004,cold
8505633240,referral,60L-90L,0.0147,cold
8680153449,social_media,60L-90L,0.0597,cold
6879522179,organic_search,60L-90L,0.5673,warm
7377112140,social_media,30L-60L,0.0015,cold
8144040283,organic_search,30L-60L,0.0036,cold
7146032359,paid_search,30L-60L,0.0116,cold
9208813301,social_media,90L-1.5Cr,0.0192,cold
9279021650,paid_search,<30L,0.0023,cold
9640215421,email_campaign,30L-60L,0.3128,cold
8961066297,paid_search,>1.5Cr,0.9948,hot
7586522455,social_media,30L-60L,0.0002,cold
9189113162,social_media,30L-60L,0.0336,cold
6381714518,paid_search,60L-90L,0.0221,cold
6860944160,referral,60L-90L,0.0565,cold
6997753372,social_media,<30L,0.0246,cold
8811781556,direct,30L-60L,0.0306,cold
8492421345,social_media,90L-1.5Cr,0.0013,cold
6107598821,social_media,60L-90L,0.0043,cold
6495213255,paid_search,60L-90L,0.1015,cold
8785928438,direct,60L-90L,0.0213,cold
8791201054,organic_search,30L-60L,0.2406,cold
6879274941,direct,30L-60L,0.007,cold
9710219135,paid_search,30L-60L,0.0205,cold
6852338334,organic_search,90L-1.5Cr,0.0759,cold
8657795140,social_media,30L-60L,0.1893,cold
9760937853,paid_search,60L-90L,0.0457,cold
6226294938,direct,30L-60L,0.0885,cold
7532955198,organic_search,30L-60L,0.5711,warm
7569851381,social_media,30L-60L,0.0026,cold
9663505400,direct,<30L,0.02,cold
9036531678,organic_search,90L-1.5Cr,0.0218,cold
7947086617,paid_search,30L-60L,0.0286,cold
6121913361,organic_search,60L-90L,0.1125,cold
6575162875,direct,90L-1.5Cr,0.0046,cold
7890212123,direct,30L-60L,0.0002,cold
6188055851,referral,>1.5Cr,0.0086,cold
6021194464,organic_search,60L-90L,0.9989,hot
8577892820,organic_search,90L-1.5Cr,0.0027,cold
